,Exp,Dataset,Regret,Regret_STD
0,exp_bank_parallel__2000t_mahlanobis_alpha_4_decay_0.05_multi_exp_more_logs_v2,MNIST,"[0.127, 0.204, 0.25, 0.296, 0.373, 0.45, 0.527, 0.573, 0.581, 0.627, 0.679, 0.744, 0.809, 0.886, 0.919, 0.952, 0.973, 1.0, 1.027, 1.036, 1.057, 1.096, 1.111, 1.125, 1.165, 1.192, 1.269, 1.271, 1.273, 1.288, 1.303, 1.317, 1.351, 1.371, 1.424, 1.451, 1.453, 1.474, 1.513, 1.528, 1.561, 1.607, 1.615, 1.667, 1.688, 1.709, 1.73, 1.763, 1.778, 1.805, 1.832, 1.859, 1.861, 1.876, 1.884, 1.905, 1.913, 1.959, 1.999, 2.032, 2.041, 2.049, 2.064, 2.103, 2.105, 2.151, 2.159, 2.162, 2.176, 2.21, 2.218, 2.251, 2.266, 2.305, 2.333, 2.347, 2.362, 2.383, 2.403, 2.418, 2.439, 2.466, 2.493, 2.495, 2.522, 2.568, 2.583, 2.579, 2.593, 2.595, 2.604, 2.624, 2.652, 2.666, 2.712, 2.727, 2.735, 2.75, 2.777, 2.785, 2.793, 2.808, 2.835, 2.856, 2.877, 2.885, 2.881, 2.896, 2.916, 2.906, 2.921, 2.948, 2.987, 3.008, 3.017, 3.037, 3.052, 3.067, 3.075, 3.096, 3.117, 3.15, 3.177, 3.198, 3.194, 3.183, 3.21, 3.25, 3.265, 3.279, 3.275, 3.283, 3.298, 3.313, 3.346, 3.348, 3.363, 3.377, 3.386, 3.407, 3.459, 3.486, 3.5, 3.527, 3.555, 3.588, 3.584, 3.605, 3.632, 3.64, 3.661, 3.682, 3.709, 3.736, 3.757, 3.765, 3.792, 3.794, 3.803, 3.836, 3.851, 3.853, 3.892, 3.926, 3.934, 3.961, 3.976, 3.99, 3.992, 4.001, 4.022, 4.024, 4.032, 4.065, 4.08, 4.107, 4.153, 4.18, 4.201, 4.228, 4.243, 4.251, 4.278, 4.28, 4.307, 4.297, 4.318, 4.357, 4.397, 4.412, 4.439, 4.466, 4.474, 4.495, 4.503, 4.518, 4.526, 4.547, 4.568, 4.589]","[0.051, 0.036, 0.073, 0.096, 0.159, 0.191, 0.194, 0.21, 0.202, 0.208, 0.253, 0.282, 0.322, 0.363, 0.387, 0.383, 0.381, 0.396, 0.423, 0.422, 0.435, 0.426, 0.44, 0.456, 0.517, 0.524, 0.566, 0.557, 0.58, 0.609, 0.609, 0.641, 0.675, 0.678, 0.682, 0.704, 0.727, 0.741, 0.776, 0.81, 0.849, 0.917, 0.939, 0.984, 1.03, 1.076, 1.109, 1.162, 1.211, 1.224, 1.284, 1.34, 1.349, 1.366, 1.389, 1.406, 1.442, 1.507, 1.547, 1.603, 1.624, 1.629, 1.661, 1.684, 1.694, 1.746, 1.754, 1.778, 1.798, 1.87, 1.906, 1.978, 2.027, 2.065, 2.094, 2.1, 2.133, 2.181, 2.227, 2.26, 2.279, 2.321, 2.364, 2.388, 2.414, 2.466, 2.501, 2.498, 2.547, 2.571, 2.607, 2.638, 2.68, 2.711, 2.778, 2.827, 2.83, 2.864, 2.879, 2.9, 2.936, 2.97, 3.029, 3.076, 3.104, 3.124, 3.135, 3.141, 3.156, 3.155, 3.159, 3.19, 3.209, 3.27, 3.307, 3.321, 3.353, 3.345, 3.35, 3.382, 3.415, 3.453, 3.495, 3.539, 3.536, 3.535, 3.579, 3.65, 3.685, 3.704, 3.716, 3.753, 3.784, 3.788, 3.817, 3.826, 3.861, 3.895, 3.916, 3.946, 3.951, 3.992, 4.026, 4.085, 4.114, 4.152, 4.164, 4.225, 4.284, 4.304, 4.334, 4.368, 4.41, 4.454, 4.515, 4.523, 4.58, 4.589, 4.612, 4.667, 4.701, 4.725, 4.736, 4.758, 4.795, 4.855, 4.871, 4.905, 4.929, 4.951, 5.012, 5.036, 5.045, 5.104, 5.152, 5.18, 5.263, 5.292, 5.295, 5.334, 5.368, 5.404, 5.415, 5.423, 5.466, 5.466, 5.512, 5.538, 5.578, 5.627, 5.671, 5.716, 5.752, 5.754, 5.776, 5.793, 5.829, 5.858, 5.888, 5.935]"
1,exp_bank_parallel__2000t_mahlanobis_alpha_4_decay_0.05_multi_exp_more_logs_v2,MultiSVM,"[-0.001, 0.004, 0.003, 0.001, 0.0, -0.001, 0.01, 0.009, 0.008, 0.007, 0.012, 0.011, 0.009, 0.008, 0.007, 0.006, 0.005, 0.003, 0.002, 0.001, -0.0, -0.001, -0.003, -0.004, -0.005, -0.006, -0.007, -0.009, -0.01, -0.011, -0.012, -0.013, -0.015, -0.016, -0.017, -0.018, -0.019, -0.014, -0.016, -0.017, -0.018, -0.019, -0.02, -0.022, -0.016, -0.011, -0.013, -0.014, -0.015, -0.016, -0.017, -0.019, -0.02, -0.021, -0.022, -0.023, -0.025, -0.026, -0.015, -0.016, -0.017, -0.018, -0.019, -0.021, -0.022, -0.017, -0.018, -0.019, -0.014, -0.015, -0.016, -0.018, -0.019, -0.014, -0.009, -0.01, -0.011, -0.012, -0.014, -0.015, -0.016, -0.017, -0.018, -0.013, -0.014, -0.016, -0.017, -0.018, -0.019, -0.014, -0.015, -0.01, -0.012, -0.013, -0.014, -0.015, -0.016, -0.018, -0.019, -0.014, -0.015, -0.016, -0.017, -0.019, -0.02, -0.021, -0.022, -0.023, -0.025, -0.019, -0.021, -0.016, -0.017, -0.018, -0.013, -0.014, -0.015, -0.017, -0.018, -0.019, -0.02, -0.021, -0.016, -0.018, -0.019, -0.02, -0.021, -0.022, -0.024, -0.025, -0.026, -0.021, -0.022, -0.023, -0.024, -0.026, -0.027, -0.028, -0.029, -0.03, -0.032, -0.033, -0.034, -0.035, -0.036, -0.038, -0.033, -0.034, -0.035, -0.036, -0.037, -0.039, -0.034, -0.035, -0.036, -0.037, -0.038, -0.04, -0.041, -0.042, -0.043, -0.044, -0.046, -0.047, -0.048, -0.049, -0.05, -0.045, -0.047, -0.048, -0.049, -0.05, -0.045, -0.046, -0.047, -0.049, -0.05, -0.045, -0.046, -0.047, -0.048, -0.05, -0.051, -0.052, -0.053, -0.054, -0.049, -0.044, -0.046, -0.047, -0.048, -0.049, -0.05, -0.052, -0.053, -0.054, -0.055, -0.056, -0.058, -0.052]","[0.001, 0.014, 0.015, 0.016, 0.017, 0.018, 0.031, 0.032, 0.033, 0.034, 0.046, 0.047, 0.048, 0.049, 0.05, 0.051, 0.053, 0.054, 0.055, 0.056, 0.057, 0.058, 0.06, 0.061, 0.062, 0.063, 0.065, 0.066, 0.067, 0.069, 0.07, 0.071, 0.072, 0.074, 0.075, 0.076, 0.078, 0.081, 0.082, 0.084, 0.085, 0.086, 0.088, 0.089, 0.08, 0.08, 0.081, 0.083, 0.084, 0.085, 0.087, 0.088, 0.09, 0.091, 0.092, 0.094, 0.095, 0.096, 0.087, 0.088, 0.09, 0.091, 0.093, 0.094, 0.095, 0.099, 0.1, 0.102, 0.105, 0.106, 0.108, 0.109, 0.111, 0.113, 0.117, 0.119, 0.12, 0.121, 0.123, 0.124, 0.126, 0.127, 0.129, 0.133, 0.134, 0.136, 0.137, 0.139, 0.14, 0.129, 0.131, 0.137, 0.138, 0.14, 0.141, 0.142, 0.144, 0.145, 0.147, 0.151, 0.152, 0.154, 0.155, 0.157, 0.158, 0.159, 0.161, 0.162, 0.164, 0.17, 0.172, 0.178, 0.179, 0.181, 0.182, 0.184, 0.185, 0.187, 0.188, 0.19, 0.191, 0.193, 0.196, 0.198, 0.199, 0.201, 0.202, 0.204, 0.205, 0.206, 0.208, 0.21, 0.212, 0.213, 0.215, 0.216, 0.218, 0.219, 0.221, 0.222, 0.223, 0.225, 0.226, 0.228, 0.229, 0.231, 0.22, 0.221, 0.223, 0.224, 0.226, 0.227, 0.23, 0.232, 0.233, 0.235, 0.236, 0.238, 0.239, 0.24, 0.242, 0.243, 0.245, 0.246, 0.248, 0.249, 0.251, 0.257, 0.258, 0.26, 0.261, 0.263, 0.266, 0.267, 0.269, 0.27, 0.272, 0.261, 0.262, 0.264, 0.265, 0.267, 0.268, 0.27, 0.271, 0.273, 0.279, 0.285, 0.286, 0.288, 0.289, 0.291, 0.292, 0.294, 0.295, 0.297, 0.298, 0.299, 0.301, 0.304]"
2,exp_bank_parallel__2000t_eps_greedy_schedule_0.2_decay_0.05_multi_exp_more_logs_v2,Adult,"[0.162, 0.456, 0.706, 0.843, 0.968, 1.156, 1.299, 1.512, 1.68, 1.824, 2.005, 2.186, 2.361, 2.536, 2.699, 2.923, 3.023, 3.061, 3.167, 3.367, 3.479, 3.629, 3.791, 3.916, 4.098, 4.154, 4.304, 4.478, 4.753, 4.922, 5.053, 5.191, 5.309, 5.478, 5.634, 5.778, 5.865, 5.996, 6.096, 6.246, 6.296, 6.44, 6.533, 6.708, 6.758, 6.833, 6.864, 7.001, 7.076, 7.201, 7.232, 7.32, 7.407, 7.632, 7.663, 7.776, 7.888, 8.032, 8.163, 8.338, 8.438, 8.519, 8.631, 8.744, 8.894, 9.106, 9.243, 9.318, 9.424, 9.487, 9.593, 9.63, 9.711, 9.78, 9.918, 10.005, 10.011, 10.055, 10.142, 10.211, 10.323, 10.448, 10.598, 10.735, 10.798, 10.885, 10.973, 10.997, 11.079, 11.16, 11.297, 11.385, 11.522, 11.547, 11.597, 11.659, 11.728, 11.778, 11.896, 11.99, 12.084, 12.177, 12.24, 12.227, 12.24, 12.327, 12.389, 12.477, 12.495, 12.577, 12.67, 12.751, 12.857, 12.914, 13.007, 13.02, 13.063, 13.076, 13.126, 13.226, 13.257, 13.325, 13.375, 13.525, 13.506, 13.475, 13.512, 13.525, 13.593, 13.625, 13.662, 13.699, 13.862, 13.924, 13.962, 14.024, 14.055, 14.13, 14.142, 14.211, 14.405, 14.423, 14.461, 14.448, 14.536, 14.617, 14.729, 14.804, 14.835, 14.829, 14.947, 15.135, 15.285, 15.378, 15.41, 15.428, 15.478, 15.472, 15.422, 15.528, 15.584, 15.584, 15.615, 15.602, 15.646, 15.683, 15.821, 15.908, 16.046, 16.077, 16.227, 16.27, 16.314, 16.276, 16.314, 16.345, 16.357, 16.382, 16.382, 16.37, 16.476, 16.513, 16.413, 16.488, 16.494, 16.688, 16.638, 16.594, 16.581, 16.556, 16.568, 16.606, 16.593, 16.549, 16.493, 16.474, 16.505, 16.561, 16.555, 16.574]","[0.076, 0.122, 0.141, 0.098, 0.057, 0.077, 0.097, 0.168, 0.223, 0.229, 0.215, 0.273, 0.295, 0.297, 0.325, 0.395, 0.361, 0.389, 0.377, 0.411, 0.384, 0.43, 0.475, 0.507, 0.47, 0.506, 0.534, 0.549, 0.528, 0.561, 0.567, 0.586, 0.602, 0.58, 0.618, 0.592, 0.595, 0.639, 0.607, 0.611, 0.701, 0.738, 0.761, 0.802, 0.831, 0.862, 0.857, 0.866, 0.953, 0.911, 0.913, 0.922, 0.957, 0.942, 0.958, 0.983, 0.973, 0.987, 0.972, 1.031, 1.013, 1.04, 1.084, 1.088, 1.102, 1.077, 1.062, 1.085, 1.104, 1.122, 1.176, 1.132, 1.134, 1.114, 1.138, 1.177, 1.194, 1.162, 1.118, 1.174, 1.241, 1.215, 1.181, 1.202, 1.201, 1.187, 1.181, 1.232, 1.257, 1.243, 1.203, 1.156, 1.17, 1.159, 1.171, 1.139, 1.148, 1.144, 1.129, 1.096, 1.101, 1.131, 1.129, 1.167, 1.176, 1.184, 1.221, 1.214, 1.213, 1.239, 1.298, 1.323, 1.324, 1.289, 1.281, 1.303, 1.327, 1.364, 1.376, 1.346, 1.359, 1.351, 1.396, 1.387, 1.419, 1.449, 1.511, 1.474, 1.511, 1.515, 1.527, 1.566, 1.555, 1.55, 1.501, 1.453, 1.479, 1.457, 1.442, 1.459, 1.426, 1.432, 1.459, 1.512, 1.5, 1.481, 1.513, 1.54, 1.584, 1.568, 1.574, 1.586, 1.611, 1.587, 1.591, 1.606, 1.636, 1.687, 1.729, 1.736, 1.731, 1.712, 1.717, 1.692, 1.734, 1.708, 1.726, 1.721, 1.759, 1.777, 1.724, 1.741, 1.769, 1.805, 1.807, 1.819, 1.834, 1.81, 1.812, 1.848, 1.845, 1.849, 1.836, 1.855, 1.87, 1.839, 1.825, 1.849, 1.875, 1.874, 1.881, 1.893, 1.881, 1.926, 1.941, 1.962, 1.987, 1.959, 1.957, 2.002]"
3,exp_bank_parallel__2000t_eps_greedy_schedule_0.2_decay_0.05_multi_exp_more_logs_v2,Bank,"[0.182, 0.359, 0.522, 0.686, 0.95, 1.126, 1.252, 1.353, 1.486, 1.637, 1.769, 1.939, 2.109, 2.329, 2.518, 2.65, 2.764, 2.928, 3.079, 3.274, 3.394, 3.539, 3.628, 3.735, 3.849, 3.969, 4.07, 4.234, 4.341, 4.486, 4.593, 4.676, 4.865, 5.041, 5.18, 5.381, 5.438, 5.608, 5.678, 5.836, 5.862, 6.063, 6.158, 6.265, 6.423, 6.48, 6.569, 6.745, 6.921, 7.023, 7.149, 7.225, 7.401, 7.59, 7.697, 7.798, 7.881, 8.013, 8.096, 8.185, 8.217, 8.331, 8.438, 8.564, 8.691, 8.785, 8.862, 8.932, 9.039, 9.097, 9.241, 9.343, 9.381, 9.489, 9.609, 9.672, 9.736, 9.869, 9.964, 10.084, 10.191, 10.298, 10.343, 10.438, 10.602, 10.684, 10.804, 10.874, 11.013, 10.989, 11.172, 11.254, 11.324, 11.432, 11.589, 11.665, 11.741, 11.836, 11.863, 11.939, 11.977, 11.991, 12.08, 12.187, 12.339, 12.39, 12.378, 12.436, 12.456, 12.57, 12.664, 12.747, 12.804, 12.831, 12.894, 12.964, 13.015, 13.054, 13.074, 13.263, 13.345, 13.453, 13.541, 13.63, 13.631, 13.801, 13.89, 13.941, 14.011, 14.056, 14.113, 14.152, 14.235, 14.255, 14.268, 14.294, 14.364, 14.391, 14.467, 14.631, 14.682, 14.77, 14.834, 14.798, 14.793, 14.863, 14.926, 15.003, 15.079, 15.118, 15.225, 15.326, 15.352, 15.36, 15.411, 15.431, 15.526, 15.565, 15.547, 15.523, 15.562, 15.613, 15.552, 15.591, 15.573, 15.605, 15.65, 15.695, 15.703, 15.742, 15.786, 15.744, 15.701, 15.753, 15.754, 15.736, 15.769, 15.776, 15.784, 15.772, 15.805, 15.775, 15.82, 15.827, 15.835, 15.911, 15.931, 15.888, 15.933, 15.991, 15.985, 16.024, 16.044, 16.039, 16.165, 16.204, 16.149, 16.263, 16.27, 16.278]","[0.04, 0.062, 0.055, 0.061, 0.102, 0.114, 0.131, 0.178, 0.199, 0.208, 0.25, 0.311, 0.249, 0.323, 0.312, 0.276, 0.257, 0.242, 0.23, 0.261, 0.257, 0.252, 0.274, 0.292, 0.311, 0.256, 0.342, 0.36, 0.352, 0.364, 0.38, 0.394, 0.431, 0.467, 0.514, 0.499, 0.562, 0.586, 0.595, 0.568, 0.574, 0.63, 0.629, 0.636, 0.71, 0.692, 0.682, 0.652, 0.663, 0.641, 0.633, 0.67, 0.641, 0.678, 0.666, 0.721, 0.764, 0.845, 0.919, 0.928, 0.916, 0.892, 0.919, 0.911, 0.916, 0.904, 0.909, 0.888, 0.876, 0.886, 0.872, 0.837, 0.822, 0.805, 0.799, 0.839, 0.862, 0.89, 0.878, 0.877, 0.897, 0.902, 0.926, 0.946, 0.924, 0.936, 0.927, 0.861, 0.844, 0.857, 0.864, 0.833, 0.83, 0.802, 0.781, 0.778, 0.774, 0.803, 0.794, 0.793, 0.769, 0.799, 0.834, 0.861, 0.817, 0.862, 0.881, 0.883, 0.881, 0.896, 0.887, 0.929, 0.915, 0.907, 0.959, 0.955, 0.954, 0.951, 0.906, 0.91, 0.902, 0.882, 0.891, 0.906, 0.924, 0.962, 0.957, 0.947, 0.884, 0.919, 0.913, 0.916, 0.886, 0.925, 0.96, 0.952, 0.973, 0.994, 1.002, 1.015, 1.028, 1.03, 1.039, 1.041, 1.018, 1.009, 1.005, 0.982, 0.983, 0.986, 1.009, 1.01, 1.016, 1.024, 1.047, 1.031, 1.079, 1.054, 1.012, 1.0, 0.97, 0.998, 1.028, 1.069, 1.059, 1.065, 1.085, 1.129, 1.154, 1.154, 1.173, 1.185, 1.212, 1.235, 1.265, 1.309, 1.334, 1.345, 1.322, 1.348, 1.34, 1.323, 1.346, 1.338, 1.348, 1.379, 1.391, 1.378, 1.375, 1.395, 1.366, 1.371, 1.375, 1.385, 1.395, 1.451, 1.447, 1.447, 1.471, 1.471]"
4,exp_bank_parallel__2000t_eps_greedy_schedule_0.2_decay_0.05_multi_exp_more_logs_v2,MNIST,"[0.236, 0.491, 0.622, 0.845, 1.013, 1.168, 1.329, 1.447, 1.677, 1.845, 2.062, 2.255, 2.454, 2.684, 2.889, 3.069, 3.23, 3.411, 3.609, 3.777, 3.988, 4.162, 4.336, 4.479, 4.596, 4.701, 4.881, 5.062, 5.217, 5.403, 5.533, 5.651, 5.787, 5.967, 6.154, 6.327, 6.482, 6.681, 6.849, 6.998, 7.14, 7.27, 7.426, 7.537, 7.68, 7.828, 7.952, 8.089, 8.256, 8.386, 8.523, 8.728, 8.845, 8.938, 9.093, 9.223, 9.334, 9.502, 9.613, 9.712, 9.861, 10.035, 10.103, 10.189, 10.338, 10.493, 10.654, 10.791, 10.871, 10.995, 11.093, 11.211, 11.31, 11.434, 11.551, 11.625, 11.743, 11.829, 11.965, 12.071, 12.238, 12.356, 12.473, 12.553, 12.677, 12.77, 12.9, 13.005, 13.129, 13.222, 13.32, 13.425, 13.549, 13.623, 13.778, 13.915, 14.032, 14.112, 14.261, 14.316, 14.353, 14.47, 14.563, 14.637, 14.704, 14.784, 14.896, 15.007, 15.118, 15.192, 15.291, 15.384, 15.483, 15.55, 15.612, 15.667, 15.753, 15.833, 15.863, 15.962, 16.067, 16.11, 16.19, 16.301, 16.4, 16.48, 16.554, 16.615, 16.695, 16.751, 16.824, 16.904, 16.991, 17.033, 17.114, 17.194, 17.255, 17.323, 17.396, 17.489, 17.544, 17.624, 17.673, 17.722, 17.79, 17.838, 17.887, 17.967, 17.997, 18.028, 18.101, 18.15, 18.237, 18.273, 18.328, 18.383, 18.438, 18.493, 18.536, 18.572, 18.59, 18.614, 18.681, 18.724, 18.785, 18.815, 18.852, 18.882, 18.918, 18.948, 18.991, 19.04, 19.082, 19.112, 19.143, 19.191, 19.209, 19.233, 19.257, 19.262, 19.298, 19.322, 19.321, 19.326, 19.369, 19.399, 19.435, 19.471, 19.501, 19.507, 19.505, 19.504, 19.509, 19.514, 19.538, 19.55, 19.548, 19.541, 19.546, 19.545]","[0.079, 0.087, 0.059, 0.125, 0.102, 0.105, 0.135, 0.137, 0.138, 0.164, 0.194, 0.193, 0.256, 0.236, 0.254, 0.269, 0.285, 0.287, 0.255, 0.241, 0.277, 0.316, 0.328, 0.312, 0.305, 0.323, 0.31, 0.268, 0.293, 0.235, 0.247, 0.219, 0.19, 0.189, 0.176, 0.148, 0.163, 0.157, 0.16, 0.149, 0.177, 0.196, 0.232, 0.211, 0.243, 0.213, 0.186, 0.197, 0.177, 0.227, 0.248, 0.29, 0.324, 0.338, 0.317, 0.351, 0.355, 0.328, 0.284, 0.292, 0.314, 0.322, 0.272, 0.266, 0.231, 0.219, 0.271, 0.244, 0.266, 0.257, 0.279, 0.259, 0.248, 0.256, 0.258, 0.254, 0.244, 0.263, 0.277, 0.294, 0.335, 0.278, 0.252, 0.263, 0.23, 0.214, 0.217, 0.216, 0.191, 0.172, 0.205, 0.232, 0.233, 0.25, 0.294, 0.288, 0.279, 0.346, 0.363, 0.36, 0.379, 0.352, 0.345, 0.35, 0.361, 0.361, 0.324, 0.332, 0.323, 0.364, 0.368, 0.377, 0.411, 0.379, 0.392, 0.38, 0.36, 0.335, 0.338, 0.328, 0.3, 0.312, 0.338, 0.292, 0.262, 0.201, 0.183, 0.178, 0.174, 0.196, 0.228, 0.201, 0.199, 0.207, 0.231, 0.171, 0.161, 0.181, 0.171, 0.161, 0.153, 0.131, 0.175, 0.219, 0.181, 0.191, 0.16, 0.213, 0.206, 0.222, 0.2, 0.186, 0.189, 0.17, 0.152, 0.17, 0.191, 0.192, 0.219, 0.234, 0.228, 0.221, 0.214, 0.21, 0.214, 0.222, 0.217, 0.213, 0.232, 0.228, 0.219, 0.235, 0.233, 0.219, 0.197, 0.19, 0.182, 0.191, 0.199, 0.202, 0.223, 0.257, 0.269, 0.266, 0.266, 0.278, 0.275, 0.298, 0.312, 0.301, 0.305, 0.299, 0.285, 0.274, 0.292, 0.285, 0.29, 0.292, 0.29, 0.293]"
5,exp_bank_parallel__2000t_eps_greedy_schedule_0.2_decay_0.05_multi_exp_more_logs_v2,MultiSVM,"[0.093, 0.223, 0.329, 0.428, 0.577, 0.676, 0.826, 0.925, 0.999, 1.092, 1.191, 1.29, 1.383, 1.476, 1.532, 1.631, 1.724, 1.811, 1.891, 1.997, 2.083, 2.157, 2.238, 2.356, 2.443, 2.523, 2.61, 2.653, 2.752, 2.864, 2.931, 3.018, 3.061, 3.123, 3.166, 3.234, 3.314, 3.395, 3.494, 3.562, 3.642, 3.716, 3.809, 3.859, 3.939, 4.007, 4.069, 4.143, 4.205, 4.26, 4.334, 4.377, 4.451, 4.551, 4.631, 4.724, 4.829, 4.929, 5.009, 5.096, 5.239, 5.275, 5.362, 5.393, 5.442, 5.528, 5.584, 5.671, 5.732, 5.782, 5.874, 5.949, 5.998, 6.085, 6.14, 6.214, 6.307, 6.363, 6.431, 6.511, 6.579, 6.609, 6.659, 6.689, 6.763, 6.812, 6.855, 6.911, 6.991, 7.091, 7.158, 7.195, 7.263, 7.362, 7.399, 7.467, 7.529, 7.565, 7.621, 7.689, 7.725, 7.781, 7.824, 7.886, 7.904, 7.959, 8.014, 8.095, 8.157, 8.212, 8.255, 8.292, 8.335, 8.415, 8.471, 8.507, 8.581, 8.631, 8.674, 8.729, 8.791, 8.827, 8.87, 8.913, 8.975, 9.024, 9.055, 9.104, 9.141, 9.184, 9.22, 9.257, 9.294, 9.312, 9.336, 9.36, 9.403, 9.458, 9.483, 9.544, 9.6, 9.618, 9.711, 9.754, 9.809, 9.833, 9.857, 9.888, 9.9, 9.924, 9.954, 9.972, 9.978, 10.008, 10.051, 10.069, 10.093, 10.124, 10.148, 10.191, 10.234, 10.252, 10.257, 10.269, 10.299, 10.317, 10.341, 10.347, 10.352, 10.364, 10.382, 10.412, 10.424, 10.423, 10.441, 10.44, 10.458, 10.476, 10.488, 10.494, 10.505, 10.517, 10.522, 10.522, 10.527, 10.557, 10.582, 10.593, 10.611, 10.648, 10.653, 10.671, 10.671, 10.676, 10.675, 10.687, 10.692, 10.717, 10.722, 10.721]","[0.044, 0.106, 0.108, 0.097, 0.035, 0.06, 0.079, 0.078, 0.084, 0.111, 0.102, 0.104, 0.051, 0.136, 0.13, 0.132, 0.171, 0.171, 0.148, 0.197, 0.202, 0.228, 0.225, 0.256, 0.266, 0.28, 0.32, 0.32, 0.327, 0.301, 0.29, 0.304, 0.307, 0.316, 0.323, 0.319, 0.347, 0.34, 0.3, 0.312, 0.328, 0.351, 0.319, 0.344, 0.316, 0.334, 0.329, 0.356, 0.33, 0.32, 0.291, 0.313, 0.291, 0.291, 0.301, 0.292, 0.306, 0.33, 0.336, 0.296, 0.27, 0.252, 0.245, 0.244, 0.24, 0.24, 0.243, 0.264, 0.269, 0.247, 0.238, 0.238, 0.282, 0.249, 0.258, 0.285, 0.299, 0.26, 0.262, 0.255, 0.255, 0.262, 0.272, 0.272, 0.259, 0.266, 0.278, 0.269, 0.281, 0.303, 0.303, 0.324, 0.343, 0.348, 0.368, 0.383, 0.349, 0.336, 0.337, 0.326, 0.322, 0.293, 0.31, 0.334, 0.346, 0.366, 0.355, 0.396, 0.385, 0.373, 0.369, 0.378, 0.366, 0.379, 0.396, 0.362, 0.41, 0.407, 0.397, 0.416, 0.417, 0.442, 0.469, 0.451, 0.481, 0.505, 0.495, 0.475, 0.469, 0.483, 0.48, 0.481, 0.472, 0.473, 0.503, 0.494, 0.533, 0.534, 0.528, 0.497, 0.494, 0.503, 0.5, 0.502, 0.52, 0.515, 0.524, 0.526, 0.516, 0.511, 0.515, 0.52, 0.526, 0.538, 0.53, 0.53, 0.523, 0.528, 0.507, 0.518, 0.533, 0.548, 0.543, 0.554, 0.541, 0.537, 0.514, 0.51, 0.505, 0.496, 0.495, 0.511, 0.5, 0.5, 0.484, 0.484, 0.47, 0.469, 0.46, 0.455, 0.46, 0.452, 0.462, 0.462, 0.458, 0.451, 0.443, 0.434, 0.422, 0.432, 0.442, 0.466, 0.466, 0.461, 0.461, 0.45, 0.445, 0.442, 0.452, 0.453]"
6,exp_bank_parallel__2000t_greedy_bad_decay_0.05_multi_exp_more_logs_v2,Adult,"[0.127, 0.354, 0.45, 0.408, 0.466, 0.524, 0.557, 0.678, 0.793, 0.888, 0.878, 0.967, 1.075, 1.246, 1.411, 1.594, 1.639, 1.723, 1.793, 1.927, 2.003, 2.037, 2.114, 2.178, 2.205, 2.151, 2.078, 2.061, 2.282, 2.321, 2.404, 2.406, 2.477, 2.541, 2.693, 2.739, 2.847, 2.912, 3.039, 3.078, 3.074, 3.232, 3.271, 3.442, 3.425, 3.483, 3.473, 3.525, 3.477, 3.529, 3.499, 3.551, 3.603, 3.762, 3.726, 3.809, 3.892, 4.038, 4.19, 4.186, 4.156, 4.158, 4.142, 4.156, 4.271, 4.429, 4.574, 4.545, 4.647, 4.555, 4.595, 4.572, 4.605, 4.544, 4.64, 4.636, 4.694, 4.783, 4.785, 4.806, 4.845, 4.897, 5.062, 5.139, 5.191, 5.18, 5.257, 5.353, 5.38, 5.438, 5.509, 5.554, 5.663, 5.677, 5.692, 5.693, 5.683, 5.66, 5.706, 5.77, 5.809, 5.893, 5.963, 5.978, 6.036, 6.163, 6.19, 6.273, 6.313, 6.39, 6.429, 6.487, 6.62, 6.66, 6.693, 6.739, 6.691, 6.718, 6.776, 6.822, 6.88, 6.944, 6.965, 7.054, 7.038, 7.021, 6.973, 6.993, 6.933, 7.041, 7.137, 7.201, 7.334, 7.418, 7.476, 7.484, 7.492, 7.625, 7.627, 7.654, 7.862, 7.927, 7.979, 7.956, 8.058, 8.047, 8.074, 8.07, 7.991, 7.936, 7.982, 8.096, 8.211, 8.313, 8.309, 8.273, 8.294, 8.283, 8.21, 8.412, 8.483, 8.403, 8.437, 8.339, 8.353, 8.467, 8.651, 8.79, 8.88, 8.875, 9.021, 9.129, 9.181, 9.208, 9.21, 9.237, 9.251, 9.316, 9.33, 9.332, 9.415, 9.599, 9.526, 9.609, 9.63, 9.838, 9.783, 9.81, 9.812, 9.739, 9.735, 9.756, 9.789, 9.822, 9.868, 9.926, 9.915, 9.986, 10.013, 10.071]","[0.021, 0.035, 0.082, 0.104, 0.096, 0.103, 0.118, 0.127, 0.172, 0.196, 0.194, 0.215, 0.223, 0.275, 0.324, 0.327, 0.341, 0.407, 0.494, 0.529, 0.576, 0.57, 0.588, 0.621, 0.634, 0.676, 0.684, 0.684, 0.684, 0.707, 0.725, 0.758, 0.768, 0.744, 0.783, 0.784, 0.814, 0.804, 0.828, 0.843, 0.855, 0.891, 0.94, 0.99, 1.052, 1.09, 1.128, 1.158, 1.186, 1.234, 1.244, 1.284, 1.317, 1.351, 1.354, 1.368, 1.402, 1.44, 1.472, 1.511, 1.541, 1.604, 1.632, 1.657, 1.678, 1.685, 1.704, 1.709, 1.722, 1.739, 1.743, 1.773, 1.801, 1.784, 1.833, 1.859, 1.916, 1.968, 2.021, 2.073, 2.11, 2.146, 2.153, 2.181, 2.195, 2.209, 2.248, 2.309, 2.366, 2.392, 2.431, 2.453, 2.47, 2.491, 2.507, 2.512, 2.534, 2.551, 2.546, 2.573, 2.585, 2.598, 2.62, 2.664, 2.681, 2.704, 2.738, 2.797, 2.82, 2.85, 2.881, 2.912, 2.952, 2.981, 3.011, 3.038, 3.037, 3.097, 3.135, 3.141, 3.176, 3.246, 3.28, 3.297, 3.355, 3.42, 3.419, 3.47, 3.464, 3.496, 3.552, 3.577, 3.564, 3.59, 3.602, 3.609, 3.627, 3.627, 3.634, 3.622, 3.658, 3.69, 3.709, 3.744, 3.773, 3.785, 3.77, 3.768, 3.781, 3.795, 3.851, 3.844, 3.863, 3.862, 3.873, 3.908, 3.929, 3.936, 3.997, 4.02, 4.047, 4.089, 4.115, 4.118, 4.158, 4.193, 4.232, 4.289, 4.327, 4.349, 4.377, 4.413, 4.449, 4.496, 4.542, 4.531, 4.545, 4.568, 4.572, 4.623, 4.658, 4.734, 4.762, 4.774, 4.774, 4.78, 4.801, 4.852, 4.876, 4.891, 4.891, 4.929, 4.942, 5.034, 5.117, 5.171, 5.214, 5.261, 5.295, 5.333]"
7,exp_bank_parallel__2000t_greedy_bad_decay_0.05_multi_exp_more_logs_v2,Bank,"[-0.037, -0.062, 0.001, -0.024, 0.051, 0.101, 0.133, 0.095, 0.058, 0.04, 0.002, 0.027, 0.178, 0.315, 0.441, 0.484, 0.491, 0.516, 0.498, 0.554, 0.492, 0.529, 0.536, 0.517, 0.511, 0.593, 0.537, 0.631, 0.625, 0.612, 0.544, 0.45, 0.507, 0.638, 0.657, 0.682, 0.595, 0.583, 0.527, 0.546, 0.552, 0.665, 0.64, 0.665, 0.697, 0.709, 0.741, 0.791, 0.804, 0.785, 0.748, 0.698, 0.667, 0.661, 0.63, 0.561, 0.536, 0.549, 0.612, 0.562, 0.525, 0.487, 0.469, 0.457, 0.469, 0.451, 0.413, 0.389, 0.42, 0.402, 0.352, 0.339, 0.308, 0.29, 0.365, 0.396, 0.347, 0.334, 0.316, 0.441, 0.466, 0.466, 0.46, 0.511, 0.586, 0.567, 0.599, 0.53, 0.63, 0.574, 0.631, 0.606, 0.637, 0.694, 0.738, 0.7, 0.763, 0.82, 0.751, 0.77, 0.776, 0.714, 0.708, 0.733, 0.821, 0.784, 0.803, 0.797, 0.834, 0.841, 0.81, 0.86, 0.848, 0.767, 0.786, 0.754, 0.68, 0.73, 0.643, 0.674, 0.605, 0.618, 0.618, 0.675, 0.625, 0.75, 0.775, 0.726, 0.645, 0.632, 0.62, 0.683, 0.695, 0.639, 0.558, 0.54, 0.571, 0.559, 0.547, 0.659, 0.653, 0.703, 0.704, 0.666, 0.648, 0.685, 0.767, 0.855, 0.886, 0.849, 0.905, 0.949, 0.956, 0.925, 0.912, 0.9, 0.975, 0.95, 0.901, 0.813, 0.845, 0.845, 0.745, 0.702, 0.652, 0.627, 0.627, 0.665, 0.684, 0.69, 0.74, 0.709, 0.691, 0.741, 0.71, 0.723, 0.748, 0.767, 0.773, 0.73, 0.705, 0.674, 0.73, 0.687, 0.662, 0.668, 0.644, 0.594, 0.607, 0.582, 0.544, 0.545, 0.501, 0.514, 0.664, 0.714, 0.614, 0.721, 0.715, 0.69]","[0.005, 0.018, 0.049, 0.064, 0.084, 0.058, 0.094, 0.095, 0.096, 0.084, 0.089, 0.092, 0.095, 0.086, 0.098, 0.09, 0.091, 0.094, 0.068, 0.071, 0.072, 0.076, 0.082, 0.077, 0.079, 0.088, 0.104, 0.1, 0.107, 0.125, 0.128, 0.138, 0.147, 0.138, 0.14, 0.143, 0.148, 0.146, 0.152, 0.155, 0.171, 0.188, 0.204, 0.206, 0.208, 0.24, 0.256, 0.26, 0.263, 0.267, 0.268, 0.277, 0.276, 0.28, 0.279, 0.281, 0.292, 0.294, 0.306, 0.317, 0.326, 0.328, 0.331, 0.333, 0.345, 0.355, 0.357, 0.358, 0.36, 0.353, 0.355, 0.356, 0.368, 0.372, 0.384, 0.38, 0.397, 0.402, 0.393, 0.422, 0.423, 0.434, 0.435, 0.445, 0.457, 0.457, 0.459, 0.46, 0.465, 0.476, 0.478, 0.489, 0.506, 0.508, 0.534, 0.533, 0.526, 0.54, 0.542, 0.545, 0.572, 0.587, 0.588, 0.604, 0.627, 0.651, 0.673, 0.696, 0.73, 0.743, 0.736, 0.735, 0.743, 0.754, 0.756, 0.76, 0.764, 0.805, 0.801, 0.792, 0.793, 0.82, 0.817, 0.8, 0.805, 0.81, 0.813, 0.808, 0.804, 0.829, 0.837, 0.837, 0.841, 0.853, 0.836, 0.84, 0.861, 0.863, 0.872, 0.875, 0.876, 0.9, 0.937, 0.961, 0.971, 0.955, 0.964, 0.969, 0.967, 1.012, 1.019, 1.034, 1.031, 1.037, 1.039, 1.042, 1.052, 1.05, 1.061, 1.06, 1.082, 1.081, 1.082, 1.071, 1.082, 1.072, 1.072, 1.085, 1.098, 1.097, 1.099, 1.113, 1.116, 1.127, 1.141, 1.181, 1.174, 1.221, 1.233, 1.257, 1.247, 1.274, 1.274, 1.281, 1.278, 1.275, 1.275, 1.302, 1.307, 1.303, 1.304, 1.319, 1.322, 1.327, 1.35, 1.353, 1.353, 1.363, 1.363, 1.377]"
8,exp_bank_parallel__2000t_greedy_bad_decay_0.05_multi_exp_more_logs_v2,MNIST,"[0.09, 0.187, 0.265, 0.362, 0.427, 0.517, 0.614, 0.686, 0.757, 0.823, 0.869, 0.929, 1.013, 1.078, 1.131, 1.209, 1.237, 1.315, 1.361, 1.452, 1.492, 1.526, 1.604, 1.682, 1.754, 1.825, 1.897, 1.95, 2.003, 2.037, 2.09, 2.149, 2.189, 2.224, 2.258, 2.311, 2.389, 2.46, 2.507, 2.579, 2.619, 2.691, 2.706, 2.734, 2.762, 2.821, 2.861, 2.939, 2.973, 3.058, 3.117, 3.22, 3.272, 3.344, 3.397, 3.462, 3.515, 3.549, 3.571, 3.599, 3.664, 3.699, 3.789, 3.836, 3.87, 3.923, 3.957, 3.978, 4.013, 4.053, 4.093, 4.171, 4.237, 4.302, 4.33, 4.389, 4.423, 4.464, 4.542, 4.588, 4.604, 4.657, 4.703, 4.762, 4.847, 4.906, 4.977, 5.024, 5.083, 5.13, 5.183, 5.198, 5.245, 5.285, 5.382, 5.41, 5.481, 5.534, 5.556, 5.59, 5.674, 5.74, 5.786, 5.833, 5.873, 5.951, 5.985, 6.013, 6.066, 6.125, 6.147, 6.187, 6.234, 6.299, 6.346, 6.386, 6.439, 6.473, 6.52, 6.554, 6.601, 6.654, 6.738, 6.81, 6.888, 6.953, 6.987, 7.077, 7.105, 7.152, 7.249, 7.277, 7.354, 7.395, 7.429, 7.451, 7.522, 7.55, 7.572, 7.681, 7.753, 7.812, 7.858, 7.905, 7.958, 7.973, 8.026, 8.098, 8.188, 8.229, 8.294, 8.347, 8.381, 8.459, 8.5, 8.527, 8.574, 8.621, 8.649, 8.695, 8.786, 8.839, 8.898, 8.982, 9.01, 9.063, 9.122, 9.193, 9.259, 9.306, 9.358, 9.386, 9.47, 9.517, 9.57, 9.604, 9.607, 9.691, 9.75, 9.772, 9.844, 9.922, 9.962, 10.009, 10.018, 10.058, 10.099, 10.139, 10.186, 10.214, 10.254, 10.301, 10.366, 10.431, 10.491, 10.506, 10.578, 10.593, 10.658, 10.699]","[0.039, 0.082, 0.094, 0.134, 0.135, 0.13, 0.167, 0.188, 0.185, 0.156, 0.147, 0.163, 0.209, 0.189, 0.212, 0.261, 0.275, 0.318, 0.34, 0.365, 0.39, 0.416, 0.427, 0.452, 0.49, 0.543, 0.582, 0.593, 0.625, 0.653, 0.695, 0.742, 0.784, 0.792, 0.812, 0.854, 0.876, 0.922, 0.924, 0.941, 0.958, 1.002, 1.015, 1.05, 1.056, 1.086, 1.118, 1.154, 1.173, 1.174, 1.208, 1.26, 1.299, 1.334, 1.368, 1.383, 1.414, 1.443, 1.452, 1.484, 1.533, 1.538, 1.558, 1.589, 1.628, 1.657, 1.668, 1.694, 1.697, 1.733, 1.761, 1.815, 1.829, 1.874, 1.905, 1.958, 1.968, 1.993, 2.009, 2.031, 2.05, 2.08, 2.111, 2.161, 2.22, 2.246, 2.307, 2.352, 2.365, 2.394, 2.438, 2.44, 2.459, 2.489, 2.55, 2.578, 2.61, 2.64, 2.638, 2.666, 2.715, 2.768, 2.802, 2.824, 2.862, 2.903, 2.926, 2.952, 2.987, 3.029, 3.055, 3.064, 3.086, 3.133, 3.158, 3.197, 3.22, 3.228, 3.248, 3.28, 3.312, 3.346, 3.407, 3.458, 3.515, 3.565, 3.56, 3.634, 3.664, 3.709, 3.758, 3.764, 3.797, 3.819, 3.835, 3.862, 3.914, 3.94, 3.948, 3.978, 4.005, 4.049, 4.083, 4.095, 4.149, 4.152, 4.182, 4.244, 4.309, 4.337, 4.373, 4.412, 4.451, 4.495, 4.531, 4.549, 4.592, 4.621, 4.615, 4.658, 4.724, 4.758, 4.799, 4.874, 4.886, 4.932, 4.979, 5.011, 5.054, 5.095, 5.134, 5.164, 5.201, 5.234, 5.267, 5.301, 5.309, 5.385, 5.438, 5.462, 5.523, 5.576, 5.59, 5.637, 5.651, 5.673, 5.715, 5.751, 5.77, 5.787, 5.823, 5.841, 5.9, 5.95, 5.991, 6.009, 6.074, 6.078, 6.13, 6.166]"
9,exp_bank_parallel__2000t_pseudolabel_decay_0.05_multi_exp_more_logs_v2,Adult,"[0.129, 0.321, 0.394, 0.392, 0.472, 0.532, 0.605, 0.641, 0.745, 0.781, 0.854, 0.915, 1.0, 1.111, 1.265, 1.338, 1.386, 1.46, 1.533, 1.662, 1.716, 1.771, 1.813, 1.867, 1.946, 1.894, 1.874, 1.941, 2.157, 2.193, 2.235, 2.264, 2.331, 2.404, 2.465, 2.488, 2.542, 2.659, 2.763, 2.787, 2.766, 2.851, 2.862, 3.016, 2.971, 3.031, 2.986, 3.003, 2.957, 2.949, 2.916, 2.914, 2.918, 3.01, 2.996, 3.031, 3.035, 3.171, 3.257, 3.23, 3.172, 3.151, 3.08, 3.078, 3.127, 3.275, 3.423, 3.408, 3.463, 3.386, 3.378, 3.344, 3.38, 3.334, 3.408, 3.406, 3.404, 3.402, 3.356, 3.342, 3.359, 3.425, 3.549, 3.584, 3.589, 3.58, 3.628, 3.62, 3.631, 3.723, 3.808, 3.838, 3.892, 3.896, 3.863, 3.824, 3.778, 3.751, 3.849, 3.866, 3.908, 4.012, 4.048, 4.046, 4.069, 4.13, 4.14, 4.17, 4.199, 4.26, 4.333, 4.356, 4.435, 4.427, 4.488, 4.498, 4.49, 4.463, 4.499, 4.547, 4.551, 4.568, 4.529, 4.602, 4.575, 4.548, 4.509, 4.451, 4.411, 4.459, 4.545, 4.649, 4.741, 4.764, 4.781, 4.779, 4.765, 4.888, 4.917, 4.934, 5.088, 5.105, 5.116, 5.108, 5.156, 5.154, 5.171, 5.188, 5.179, 5.159, 5.226, 5.324, 5.472, 5.551, 5.574, 5.479, 5.502, 5.494, 5.423, 5.546, 5.575, 5.517, 5.559, 5.495, 5.487, 5.553, 5.695, 5.75, 5.798, 5.802, 5.95, 5.986, 6.015, 5.994, 6.005, 6.034, 6.032, 6.031, 6.029, 6.008, 6.075, 6.167, 6.084, 6.119, 6.13, 6.34, 6.27, 6.255, 6.235, 6.17, 6.162, 6.148, 6.152, 6.113, 6.111, 6.109, 6.082, 6.124, 6.134, 6.145]","[0.057, 0.081, 0.115, 0.139, 0.168, 0.237, 0.29, 0.341, 0.375, 0.376, 0.388, 0.373, 0.393, 0.408, 0.384, 0.38, 0.407, 0.434, 0.45, 0.445, 0.48, 0.508, 0.459, 0.456, 0.419, 0.404, 0.45, 0.44, 0.449, 0.451, 0.468, 0.498, 0.499, 0.504, 0.541, 0.545, 0.532, 0.528, 0.524, 0.52, 0.518, 0.502, 0.506, 0.513, 0.517, 0.497, 0.517, 0.537, 0.546, 0.486, 0.498, 0.497, 0.494, 0.485, 0.466, 0.459, 0.453, 0.44, 0.464, 0.438, 0.416, 0.441, 0.437, 0.441, 0.45, 0.449, 0.449, 0.45, 0.462, 0.484, 0.501, 0.461, 0.436, 0.43, 0.455, 0.477, 0.483, 0.491, 0.507, 0.534, 0.525, 0.527, 0.54, 0.531, 0.556, 0.564, 0.565, 0.565, 0.582, 0.581, 0.61, 0.618, 0.636, 0.658, 0.687, 0.681, 0.688, 0.687, 0.669, 0.647, 0.658, 0.688, 0.692, 0.719, 0.701, 0.725, 0.707, 0.714, 0.691, 0.643, 0.644, 0.665, 0.687, 0.684, 0.681, 0.707, 0.729, 0.739, 0.767, 0.765, 0.774, 0.779, 0.776, 0.752, 0.725, 0.724, 0.763, 0.772, 0.79, 0.769, 0.786, 0.763, 0.734, 0.724, 0.744, 0.76, 0.795, 0.835, 0.875, 0.882, 0.843, 0.846, 0.849, 0.889, 0.921, 0.931, 0.91, 0.908, 0.933, 0.942, 0.967, 1.006, 1.028, 1.023, 1.038, 1.044, 1.047, 1.082, 1.111, 1.133, 1.144, 1.18, 1.215, 1.222, 1.234, 1.284, 1.295, 1.274, 1.248, 1.256, 1.275, 1.288, 1.286, 1.3, 1.287, 1.332, 1.325, 1.33, 1.353, 1.373, 1.358, 1.335, 1.332, 1.342, 1.338, 1.342, 1.344, 1.375, 1.415, 1.412, 1.424, 1.452, 1.464, 1.454, 1.47, 1.445, 1.469, 1.482, 1.49, 1.529]"
10,exp_bank_parallel__2000t_pseudolabel_decay_0.05_multi_exp_more_logs_v2,Bank,"[0.011, 0.015, 0.133, 0.131, 0.223, 0.265, 0.282, 0.262, 0.26, 0.246, 0.244, 0.243, 0.372, 0.396, 0.488, 0.542, 0.553, 0.639, 0.619, 0.63, 0.578, 0.607, 0.612, 0.579, 0.559, 0.613, 0.562, 0.648, 0.627, 0.576, 0.549, 0.478, 0.514, 0.631, 0.649, 0.684, 0.608, 0.587, 0.554, 0.584, 0.557, 0.637, 0.592, 0.627, 0.676, 0.649, 0.647, 0.708, 0.732, 0.724, 0.716, 0.689, 0.694, 0.736, 0.716, 0.658, 0.643, 0.654, 0.715, 0.689, 0.681, 0.648, 0.627, 0.601, 0.612, 0.579, 0.571, 0.519, 0.492, 0.485, 0.445, 0.431, 0.405, 0.359, 0.426, 0.45, 0.435, 0.409, 0.401, 0.506, 0.529, 0.483, 0.444, 0.486, 0.56, 0.552, 0.575, 0.505, 0.597, 0.558, 0.625, 0.592, 0.615, 0.664, 0.656, 0.629, 0.652, 0.701, 0.643, 0.679, 0.658, 0.582, 0.574, 0.56, 0.627, 0.575, 0.573, 0.584, 0.564, 0.569, 0.536, 0.553, 0.495, 0.424, 0.442, 0.421, 0.344, 0.337, 0.241, 0.233, 0.175, 0.205, 0.203, 0.27, 0.25, 0.361, 0.397, 0.345, 0.25, 0.217, 0.19, 0.245, 0.249, 0.185, 0.115, 0.088, 0.124, 0.091, 0.102, 0.225, 0.217, 0.272, 0.252, 0.194, 0.173, 0.197, 0.245, 0.325, 0.342, 0.265, 0.326, 0.355, 0.348, 0.296, 0.288, 0.286, 0.372, 0.346, 0.281, 0.192, 0.216, 0.195, 0.1, 0.061, 0.003, -0.03, -0.038, -0.002, -0.023, -0.012, 0.03, -0.034, -0.073, -0.037, -0.095, -0.134, -0.098, -0.087, -0.089, -0.128, -0.124, -0.175, -0.139, -0.191, -0.218, -0.194, -0.234, -0.285, -0.281, -0.282, -0.309, -0.298, -0.293, -0.32, -0.172, -0.105, -0.2, -0.12, -0.128, -0.124]","[0.05, 0.062, 0.051, 0.047, 0.045, 0.045, 0.064, 0.095, 0.095, 0.112, 0.102, 0.145, 0.163, 0.163, 0.161, 0.162, 0.176, 0.152, 0.145, 0.134, 0.126, 0.144, 0.148, 0.172, 0.178, 0.175, 0.169, 0.172, 0.182, 0.181, 0.175, 0.182, 0.163, 0.158, 0.135, 0.164, 0.167, 0.174, 0.191, 0.206, 0.235, 0.241, 0.269, 0.281, 0.281, 0.296, 0.326, 0.339, 0.341, 0.359, 0.347, 0.345, 0.358, 0.368, 0.362, 0.363, 0.367, 0.361, 0.363, 0.377, 0.365, 0.364, 0.357, 0.357, 0.386, 0.383, 0.39, 0.395, 0.393, 0.382, 0.387, 0.39, 0.386, 0.375, 0.369, 0.373, 0.381, 0.377, 0.385, 0.425, 0.413, 0.401, 0.402, 0.412, 0.39, 0.395, 0.401, 0.403, 0.402, 0.405, 0.403, 0.407, 0.398, 0.373, 0.361, 0.371, 0.391, 0.415, 0.427, 0.424, 0.438, 0.434, 0.416, 0.412, 0.412, 0.41, 0.396, 0.418, 0.412, 0.421, 0.421, 0.395, 0.405, 0.408, 0.424, 0.433, 0.439, 0.446, 0.446, 0.458, 0.458, 0.464, 0.447, 0.414, 0.425, 0.45, 0.447, 0.44, 0.441, 0.452, 0.449, 0.456, 0.468, 0.468, 0.455, 0.465, 0.458, 0.48, 0.467, 0.484, 0.491, 0.487, 0.493, 0.491, 0.479, 0.468, 0.456, 0.462, 0.485, 0.479, 0.462, 0.473, 0.475, 0.473, 0.479, 0.48, 0.499, 0.498, 0.502, 0.5, 0.498, 0.488, 0.488, 0.478, 0.497, 0.484, 0.481, 0.477, 0.481, 0.492, 0.504, 0.511, 0.513, 0.514, 0.503, 0.521, 0.526, 0.516, 0.528, 0.534, 0.545, 0.541, 0.591, 0.607, 0.606, 0.608, 0.597, 0.59, 0.573, 0.568, 0.579, 0.599, 0.583, 0.571, 0.553, 0.553, 0.553, 0.523, 0.525, 0.528]"
11,exp_bank_parallel__2000t_pseudolabel_decay_0.05_multi_exp_more_logs_v2,MNIST,"[0.066, 0.158, 0.218, 0.247, 0.263, 0.286, 0.302, 0.337, 0.366, 0.377, 0.412, 0.434, 0.463, 0.492, 0.521, 0.525, 0.566, 0.614, 0.655, 0.678, 0.713, 0.73, 0.752, 0.775, 0.798, 0.808, 0.83, 0.84, 0.869, 0.861, 0.871, 0.887, 0.904, 0.926, 0.943, 0.947, 0.957, 0.973, 0.977, 0.994, 1.016, 1.026, 1.018, 1.047, 1.051, 1.067, 1.058, 1.081, 1.079, 1.089, 1.105, 1.109, 1.113, 1.111, 1.121, 1.125, 1.154, 1.176, 1.205, 1.209, 1.207, 1.204, 1.214, 1.225, 1.222, 1.239, 1.268, 1.278, 1.275, 1.279, 1.289, 1.306, 1.31, 1.307, 1.305, 1.321, 1.313, 1.317, 1.314, 1.337, 1.341, 1.339, 1.342, 1.346, 1.357, 1.36, 1.358, 1.356, 1.36, 1.382, 1.38, 1.384, 1.394, 1.423, 1.446, 1.462, 1.497, 1.507, 1.505, 1.509, 1.506, 1.51, 1.508, 1.499, 1.497, 1.501, 1.505, 1.509, 1.531, 1.542, 1.539, 1.537, 1.534, 1.545, 1.549, 1.546, 1.538, 1.548, 1.539, 1.543, 1.547, 1.57, 1.567, 1.571, 1.588, 1.591, 1.583, 1.58, 1.584, 1.576, 1.58, 1.577, 1.587, 1.598, 1.589, 1.599, 1.597, 1.588, 1.58, 1.584, 1.606, 1.616, 1.645, 1.637, 1.628, 1.619, 1.63, 1.652, 1.65, 1.648, 1.658, 1.649, 1.659, 1.663, 1.68, 1.69, 1.681, 1.679, 1.689, 1.687, 1.684, 1.688, 1.692, 1.69, 1.681, 1.672, 1.664, 1.68, 1.678, 1.688, 1.679, 1.671, 1.662, 1.654, 1.658, 1.68, 1.69, 1.694, 1.686, 1.683, 1.687, 1.679, 1.682, 1.68, 1.697, 1.694, 1.686, 1.696, 1.7, 1.697, 1.695, 1.693, 1.696, 1.707, 1.711, 1.708, 1.7, 1.703, 1.695, 1.686]","[0.032, 0.035, 0.061, 0.086, 0.089, 0.101, 0.108, 0.087, 0.097, 0.097, 0.074, 0.087, 0.072, 0.052, 0.044, 0.038, 0.039, 0.056, 0.047, 0.051, 0.039, 0.051, 0.072, 0.071, 0.081, 0.087, 0.093, 0.11, 0.117, 0.116, 0.12, 0.108, 0.098, 0.096, 0.098, 0.09, 0.1, 0.102, 0.098, 0.09, 0.089, 0.103, 0.102, 0.134, 0.142, 0.126, 0.125, 0.141, 0.135, 0.145, 0.162, 0.156, 0.168, 0.179, 0.173, 0.166, 0.178, 0.187, 0.202, 0.225, 0.221, 0.221, 0.209, 0.203, 0.204, 0.211, 0.204, 0.193, 0.205, 0.21, 0.206, 0.225, 0.224, 0.235, 0.235, 0.244, 0.244, 0.256, 0.253, 0.263, 0.274, 0.286, 0.27, 0.282, 0.281, 0.279, 0.277, 0.278, 0.281, 0.262, 0.264, 0.247, 0.27, 0.245, 0.243, 0.252, 0.262, 0.266, 0.264, 0.274, 0.272, 0.264, 0.257, 0.257, 0.258, 0.255, 0.258, 0.263, 0.277, 0.287, 0.285, 0.297, 0.296, 0.313, 0.305, 0.304, 0.304, 0.294, 0.295, 0.294, 0.295, 0.29, 0.291, 0.284, 0.298, 0.3, 0.301, 0.293, 0.277, 0.278, 0.289, 0.281, 0.29, 0.312, 0.313, 0.318, 0.32, 0.32, 0.321, 0.325, 0.325, 0.313, 0.303, 0.304, 0.304, 0.305, 0.3, 0.321, 0.314, 0.314, 0.317, 0.318, 0.326, 0.337, 0.344, 0.333, 0.334, 0.338, 0.352, 0.362, 0.365, 0.357, 0.357, 0.36, 0.361, 0.362, 0.363, 0.375, 0.371, 0.374, 0.375, 0.376, 0.377, 0.377, 0.371, 0.366, 0.376, 0.37, 0.371, 0.37, 0.376, 0.377, 0.37, 0.378, 0.401, 0.391, 0.392, 0.382, 0.388, 0.392, 0.402, 0.393, 0.399, 0.4, 0.399, 0.408, 0.409, 0.404, 0.405, 0.406]"
12,exp_bank_parallel__2000t_pseudolabel_decay_0.05_multi_exp_more_logs_v2,MultiSVM,"[0.011, 0.023, 0.046, 0.051, 0.057, 0.062, 0.06, 0.059, 0.083, 0.082, 0.081, 0.079, 0.078, 0.083, 0.082, 0.081, 0.086, 0.085, 0.09, 0.089, 0.087, 0.086, 0.085, 0.084, 0.083, 0.081, 0.08, 0.091, 0.09, 0.095, 0.094, 0.093, 0.092, 0.09, 0.089, 0.088, 0.087, 0.092, 0.091, 0.09, 0.088, 0.093, 0.092, 0.091, 0.096, 0.095, 0.094, 0.092, 0.091, 0.09, 0.089, 0.088, 0.093, 0.091, 0.09, 0.089, 0.088, 0.093, 0.092, 0.091, 0.089, 0.101, 0.099, 0.098, 0.097, 0.096, 0.095, 0.093, 0.092, 0.091, 0.096, 0.095, 0.094, 0.092, 0.098, 0.103, 0.101, 0.1, 0.099, 0.098, 0.097, 0.095, 0.094, 0.093, 0.092, 0.091, 0.089, 0.088, 0.087, 0.086, 0.085, 0.083, 0.082, 0.081, 0.08, 0.079, 0.077, 0.076, 0.075, 0.074, 0.073, 0.071, 0.07, 0.069, 0.068, 0.067, 0.065, 0.077, 0.075, 0.074, 0.073, 0.078, 0.077, 0.076, 0.075, 0.08, 0.078, 0.083, 0.082, 0.081, 0.08, 0.079, 0.077, 0.076, 0.081, 0.08, 0.079, 0.078, 0.076, 0.075, 0.074, 0.073, 0.072, 0.07, 0.069, 0.068, 0.067, 0.066, 0.064, 0.063, 0.062, 0.061, 0.06, 0.058, 0.064, 0.062, 0.061, 0.06, 0.059, 0.058, 0.056, 0.055, 0.06, 0.059, 0.064, 0.063, 0.068, 0.067, 0.065, 0.064, 0.063, 0.062, 0.061, 0.059, 0.058, 0.057, 0.062, 0.061, 0.06, 0.059, 0.057, 0.056, 0.055, 0.054, 0.053, 0.051, 0.05, 0.049, 0.048, 0.047, 0.045, 0.044, 0.043, 0.042, 0.047, 0.046, 0.044, 0.049, 0.048, 0.047, 0.046, 0.045, 0.043, 0.042, 0.041, 0.04, 0.039, 0.037, 0.036, 0.035]","[0.015, 0.023, 0.044, 0.048, 0.046, 0.039, 0.04, 0.04, 0.061, 0.061, 0.061, 0.062, 0.062, 0.064, 0.064, 0.064, 0.06, 0.06, 0.057, 0.058, 0.058, 0.059, 0.06, 0.06, 0.061, 0.061, 0.062, 0.07, 0.071, 0.078, 0.079, 0.079, 0.08, 0.081, 0.081, 0.082, 0.082, 0.082, 0.082, 0.083, 0.084, 0.078, 0.079, 0.08, 0.073, 0.073, 0.074, 0.075, 0.075, 0.076, 0.077, 0.078, 0.087, 0.088, 0.088, 0.089, 0.09, 0.084, 0.085, 0.085, 0.086, 0.077, 0.078, 0.079, 0.08, 0.08, 0.081, 0.082, 0.083, 0.084, 0.09, 0.091, 0.091, 0.092, 0.085, 0.095, 0.096, 0.097, 0.097, 0.098, 0.099, 0.1, 0.101, 0.101, 0.102, 0.103, 0.104, 0.105, 0.105, 0.106, 0.107, 0.108, 0.109, 0.11, 0.11, 0.111, 0.112, 0.113, 0.114, 0.115, 0.115, 0.116, 0.117, 0.118, 0.119, 0.12, 0.121, 0.119, 0.12, 0.121, 0.122, 0.124, 0.124, 0.125, 0.126, 0.131, 0.132, 0.134, 0.135, 0.136, 0.137, 0.138, 0.139, 0.14, 0.138, 0.139, 0.14, 0.141, 0.142, 0.142, 0.143, 0.144, 0.145, 0.146, 0.147, 0.148, 0.149, 0.15, 0.151, 0.152, 0.153, 0.154, 0.155, 0.156, 0.146, 0.147, 0.148, 0.149, 0.15, 0.15, 0.151, 0.152, 0.143, 0.144, 0.148, 0.149, 0.148, 0.149, 0.15, 0.151, 0.152, 0.153, 0.153, 0.154, 0.155, 0.156, 0.159, 0.16, 0.161, 0.162, 0.163, 0.164, 0.165, 0.165, 0.166, 0.167, 0.168, 0.169, 0.17, 0.171, 0.172, 0.173, 0.174, 0.175, 0.179, 0.18, 0.181, 0.186, 0.187, 0.188, 0.189, 0.19, 0.191, 0.192, 0.193, 0.194, 0.195, 0.196, 0.197, 0.198]"
13,exp_bank_parallel__2000t_mahlanobis_alpha_4_rerundecay_0.05_multi_exp_more_logs_v2,Adult,"[0.112, 0.274, 0.417, 0.398, 0.46, 0.46, 0.465, 0.584, 0.727, 0.776, 0.795, 0.832, 0.906, 1.031, 1.199, 1.305, 1.304, 1.335, 1.353, 1.478, 1.502, 1.539, 1.601, 1.626, 1.65, 1.593, 1.562, 1.617, 1.823, 1.816, 1.86, 1.865, 1.927, 2.021, 2.151, 2.17, 2.232, 2.35, 2.462, 2.499, 2.473, 2.567, 2.591, 2.728, 2.709, 2.783, 2.758, 2.789, 2.744, 2.738, 2.662, 2.693, 2.674, 2.798, 2.823, 2.885, 2.878, 3.027, 3.064, 3.039, 3.02, 3.019, 2.95, 2.937, 3.036, 3.192, 3.31, 3.279, 3.384, 3.328, 3.346, 3.308, 3.37, 3.338, 3.413, 3.406, 3.405, 3.374, 3.361, 3.348, 3.378, 3.453, 3.571, 3.652, 3.683, 3.726, 3.8, 3.819, 3.856, 3.943, 4.042, 4.079, 4.129, 4.091, 4.09, 4.121, 4.095, 4.088, 4.157, 4.2, 4.249, 4.318, 4.373, 4.373, 4.397, 4.484, 4.515, 4.546, 4.608, 4.651, 4.782, 4.831, 4.918, 4.905, 4.949, 4.992, 4.991, 4.978, 5.003, 5.084, 5.121, 5.139, 5.095, 5.175, 5.131, 5.074, 5.049, 4.955, 4.967, 4.966, 5.034, 5.065, 5.233, 5.27, 5.282, 5.301, 5.269, 5.331, 5.374, 5.386, 5.548, 5.585, 5.597, 5.572, 5.659, 5.689, 5.751, 5.782, 5.788, 5.775, 5.837, 5.98, 6.055, 6.098, 6.072, 6.003, 6.034, 6.015, 5.97, 6.045, 6.082, 6.025, 6.075, 6.087, 6.092, 6.167, 6.304, 6.36, 6.422, 6.446, 6.577, 6.62, 6.638, 6.644, 6.669, 6.718, 6.749, 6.799, 6.829, 6.791, 6.847, 6.84, 6.784, 6.814, 6.801, 7.051, 7.013, 6.994, 6.962, 6.949, 6.917, 6.954, 6.966, 6.959, 6.946, 6.902, 6.952, 6.976, 6.982, 7.006]","[0.038, 0.083, 0.104, 0.108, 0.096, 0.094, 0.098, 0.092, 0.142, 0.175, 0.142, 0.135, 0.152, 0.196, 0.172, 0.202, 0.249, 0.265, 0.286, 0.273, 0.259, 0.261, 0.287, 0.28, 0.313, 0.346, 0.361, 0.366, 0.403, 0.404, 0.422, 0.432, 0.473, 0.468, 0.485, 0.522, 0.545, 0.528, 0.548, 0.565, 0.563, 0.568, 0.558, 0.566, 0.582, 0.597, 0.599, 0.636, 0.662, 0.736, 0.735, 0.76, 0.774, 0.762, 0.747, 0.765, 0.767, 0.824, 0.827, 0.828, 0.82, 0.811, 0.816, 0.842, 0.905, 0.892, 0.889, 0.902, 0.888, 0.881, 0.89, 0.879, 0.881, 0.872, 0.895, 0.943, 0.955, 0.97, 0.97, 0.981, 0.964, 0.984, 0.98, 1.019, 1.036, 1.065, 1.107, 1.129, 1.15, 1.143, 1.106, 1.086, 1.097, 1.108, 1.112, 1.1, 1.075, 1.076, 1.101, 1.137, 1.146, 1.135, 1.136, 1.131, 1.15, 1.157, 1.156, 1.198, 1.199, 1.23, 1.215, 1.209, 1.173, 1.176, 1.196, 1.146, 1.152, 1.148, 1.149, 1.144, 1.197, 1.208, 1.209, 1.243, 1.257, 1.26, 1.235, 1.231, 1.216, 1.23, 1.187, 1.19, 1.184, 1.205, 1.21, 1.21, 1.197, 1.19, 1.202, 1.195, 1.178, 1.155, 1.148, 1.157, 1.172, 1.152, 1.136, 1.146, 1.192, 1.196, 1.224, 1.187, 1.198, 1.202, 1.216, 1.217, 1.24, 1.268, 1.264, 1.231, 1.242, 1.248, 1.258, 1.267, 1.277, 1.262, 1.293, 1.317, 1.323, 1.322, 1.335, 1.347, 1.362, 1.365, 1.377, 1.393, 1.392, 1.431, 1.434, 1.452, 1.45, 1.471, 1.478, 1.469, 1.462, 1.515, 1.531, 1.563, 1.586, 1.632, 1.646, 1.684, 1.702, 1.727, 1.751, 1.756, 1.781, 1.791, 1.808, 1.831]"
14,exp_bank_parallel__2000t_mahlanobis_alpha_4_rerundecay_0.05_multi_exp_more_logs_v2,Bank,"[-0.036, -0.023, 0.034, 0.035, 0.149, 0.212, 0.238, 0.183, 0.178, 0.16, 0.124, 0.081, 0.182, 0.302, 0.396, 0.447, 0.48, 0.537, 0.5, 0.558, 0.477, 0.485, 0.498, 0.493, 0.5, 0.532, 0.477, 0.566, 0.542, 0.486, 0.45, 0.357, 0.377, 0.515, 0.541, 0.586, 0.487, 0.463, 0.433, 0.415, 0.379, 0.467, 0.431, 0.444, 0.458, 0.415, 0.397, 0.429, 0.443, 0.419, 0.401, 0.365, 0.347, 0.367, 0.355, 0.294, 0.251, 0.252, 0.259, 0.229, 0.199, 0.168, 0.132, 0.127, 0.14, 0.116, 0.111, 0.062, 0.063, 0.095, 0.065, 0.035, 0.011, -0.026, 0.069, 0.089, 0.027, 0.003, -0.04, 0.055, 0.069, 0.051, 0.021, 0.059, 0.129, 0.117, 0.15, 0.082, 0.158, 0.096, 0.179, 0.148, 0.124, 0.182, 0.195, 0.165, 0.191, 0.217, 0.168, 0.188, 0.176, 0.108, 0.097, 0.085, 0.136, 0.1, 0.113, 0.096, 0.065, 0.073, 0.055, 0.093, 0.038, -0.042, -0.01, 0.01, -0.064, -0.013, -0.1, -0.055, -0.098, -0.09, -0.089, 0.024, -0.05, 0.064, 0.108, 0.059, -0.021, -0.057, -0.081, -0.037, -0.017, -0.072, -0.152, -0.183, -0.175, -0.187, -0.211, -0.079, -0.084, -0.064, -0.113, -0.131, -0.149, -0.116, -0.047, 0.011, 0.012, -0.062, -0.011, 0.008, 0.022, -0.058, -0.064, -0.063, -0.012, -0.017, -0.053, -0.146, -0.145, -0.163, -0.249, -0.273, -0.36, -0.371, -0.389, -0.363, -0.368, -0.392, -0.379, -0.459, -0.527, -0.476, -0.525, -0.574, -0.567, -0.553, -0.558, -0.607, -0.644, -0.712, -0.667, -0.678, -0.69, -0.664, -0.675, -0.737, -0.717, -0.71, -0.746, -0.77, -0.788, -0.787, -0.655, -0.623, -0.722, -0.633, -0.638, -0.669]","[0.034, 0.025, 0.016, 0.036, 0.026, 0.045, 0.056, 0.07, 0.075, 0.086, 0.07, 0.069, 0.074, 0.109, 0.123, 0.114, 0.128, 0.115, 0.128, 0.139, 0.144, 0.16, 0.148, 0.145, 0.147, 0.15, 0.153, 0.147, 0.139, 0.134, 0.109, 0.112, 0.092, 0.103, 0.088, 0.078, 0.082, 0.105, 0.113, 0.103, 0.108, 0.13, 0.124, 0.118, 0.12, 0.128, 0.115, 0.103, 0.122, 0.121, 0.135, 0.139, 0.146, 0.137, 0.163, 0.168, 0.17, 0.189, 0.18, 0.206, 0.192, 0.187, 0.186, 0.201, 0.206, 0.203, 0.222, 0.22, 0.201, 0.227, 0.228, 0.209, 0.211, 0.209, 0.216, 0.225, 0.218, 0.196, 0.208, 0.218, 0.227, 0.23, 0.248, 0.281, 0.301, 0.31, 0.309, 0.316, 0.317, 0.324, 0.327, 0.338, 0.347, 0.32, 0.311, 0.316, 0.324, 0.314, 0.33, 0.319, 0.356, 0.37, 0.383, 0.403, 0.408, 0.409, 0.41, 0.421, 0.445, 0.44, 0.44, 0.433, 0.442, 0.461, 0.454, 0.475, 0.489, 0.501, 0.508, 0.533, 0.535, 0.514, 0.522, 0.509, 0.524, 0.525, 0.523, 0.522, 0.52, 0.51, 0.505, 0.504, 0.49, 0.486, 0.485, 0.494, 0.505, 0.507, 0.517, 0.545, 0.55, 0.551, 0.566, 0.565, 0.565, 0.574, 0.572, 0.582, 0.592, 0.594, 0.591, 0.595, 0.594, 0.594, 0.586, 0.581, 0.586, 0.576, 0.584, 0.594, 0.614, 0.611, 0.607, 0.6, 0.598, 0.6, 0.594, 0.599, 0.602, 0.611, 0.608, 0.606, 0.61, 0.617, 0.629, 0.628, 0.646, 0.633, 0.624, 0.627, 0.627, 0.632, 0.612, 0.617, 0.618, 0.623, 0.612, 0.617, 0.639, 0.641, 0.646, 0.659, 0.665, 0.665, 0.644, 0.64, 0.645, 0.63, 0.635, 0.628]"
15,exp_bank_parallel__2000t_mahlanobis_alpha_4_rerundecay_0.05_multi_exp_more_logs_v2,MNIST,"[0.06, 0.088, 0.148, 0.158, 0.174, 0.215, 0.231, 0.266, 0.307, 0.36, 0.382, 0.386, 0.414, 0.43, 0.446, 0.45, 0.472, 0.532, 0.548, 0.57, 0.58, 0.583, 0.612, 0.603, 0.631, 0.635, 0.663, 0.692, 0.695, 0.705, 0.721, 0.75, 0.772, 0.782, 0.785, 0.782, 0.786, 0.808, 0.824, 0.834, 0.85, 0.853, 0.851, 0.842, 0.851, 0.874, 0.89, 0.906, 0.903, 0.944, 0.966, 0.982, 0.979, 0.97, 0.968, 0.971, 0.981, 0.984, 0.994, 0.991, 0.995, 1.011, 1.027, 1.024, 1.021, 1.031, 1.053, 1.069, 1.06, 1.07, 1.074, 1.077, 1.087, 1.09, 1.1, 1.11, 1.113, 1.111, 1.114, 1.149, 1.14, 1.15, 1.153, 1.157, 1.16, 1.17, 1.173, 1.177, 1.187, 1.184, 1.206, 1.216, 1.232, 1.242, 1.251, 1.249, 1.258, 1.262, 1.272, 1.269, 1.279, 1.27, 1.267, 1.277, 1.286, 1.284, 1.275, 1.272, 1.275, 1.279, 1.282, 1.292, 1.289, 1.305, 1.303, 1.312, 1.31, 1.307, 1.31, 1.326, 1.336, 1.327, 1.337, 1.334, 1.338, 1.335, 1.338, 1.329, 1.345, 1.343, 1.346, 1.35, 1.378, 1.375, 1.385, 1.395, 1.392, 1.396, 1.387, 1.403, 1.4, 1.41, 1.401, 1.404, 1.42, 1.43, 1.421, 1.418, 1.422, 1.438, 1.429, 1.432, 1.429, 1.439, 1.443, 1.44, 1.437, 1.434, 1.432, 1.429, 1.42, 1.411, 1.414, 1.418, 1.421, 1.412, 1.41, 1.419, 1.423, 1.414, 1.417, 1.415, 1.406, 1.403, 1.4, 1.391, 1.395, 1.404, 1.395, 1.393, 1.39, 1.393, 1.397, 1.388, 1.379, 1.37, 1.367, 1.364, 1.374, 1.365, 1.375, 1.372, 1.363, 1.354, 1.345, 1.342, 1.333, 1.349, 1.347, 1.356]","[0.046, 0.051, 0.068, 0.06, 0.044, 0.05, 0.051, 0.047, 0.059, 0.032, 0.042, 0.048, 0.056, 0.043, 0.028, 0.036, 0.029, 0.065, 0.068, 0.08, 0.075, 0.092, 0.104, 0.105, 0.133, 0.147, 0.133, 0.135, 0.143, 0.16, 0.159, 0.188, 0.198, 0.208, 0.22, 0.231, 0.227, 0.233, 0.247, 0.261, 0.259, 0.265, 0.269, 0.271, 0.261, 0.265, 0.262, 0.264, 0.268, 0.267, 0.258, 0.269, 0.262, 0.264, 0.27, 0.281, 0.274, 0.27, 0.274, 0.267, 0.268, 0.25, 0.247, 0.253, 0.261, 0.255, 0.287, 0.294, 0.296, 0.292, 0.289, 0.29, 0.297, 0.298, 0.297, 0.299, 0.306, 0.298, 0.307, 0.337, 0.339, 0.339, 0.321, 0.335, 0.324, 0.342, 0.354, 0.353, 0.358, 0.367, 0.38, 0.373, 0.396, 0.404, 0.399, 0.409, 0.415, 0.42, 0.434, 0.426, 0.416, 0.418, 0.429, 0.437, 0.435, 0.445, 0.448, 0.453, 0.459, 0.465, 0.479, 0.477, 0.469, 0.474, 0.479, 0.476, 0.481, 0.473, 0.48, 0.468, 0.453, 0.455, 0.459, 0.458, 0.471, 0.481, 0.488, 0.491, 0.509, 0.519, 0.533, 0.541, 0.534, 0.545, 0.535, 0.538, 0.542, 0.556, 0.558, 0.577, 0.582, 0.58, 0.582, 0.592, 0.598, 0.597, 0.599, 0.609, 0.621, 0.628, 0.63, 0.631, 0.629, 0.637, 0.651, 0.655, 0.661, 0.659, 0.663, 0.669, 0.671, 0.674, 0.685, 0.697, 0.71, 0.712, 0.71, 0.707, 0.701, 0.703, 0.715, 0.726, 0.728, 0.739, 0.737, 0.739, 0.741, 0.757, 0.76, 0.763, 0.763, 0.776, 0.789, 0.791, 0.793, 0.795, 0.795, 0.806, 0.809, 0.812, 0.829, 0.84, 0.842, 0.844, 0.847, 0.85, 0.852, 0.84, 0.84, 0.842]"
16,exp_bank_parallel__2000t_mahlanobis_alpha_4_rerundecay_0.05_multi_exp_more_logs_v2,MultiSVM,"[0.012, 0.011, 0.01, 0.009, 0.008, 0.007, 0.012, 0.011, 0.01, 0.009, 0.008, 0.007, 0.006, 0.005, 0.004, 0.003, 0.008, 0.007, 0.012, 0.011, 0.01, 0.009, 0.015, 0.014, 0.013, 0.012, 0.017, 0.016, 0.015, 0.014, 0.013, 0.012, 0.011, 0.01, 0.009, 0.008, 0.007, 0.006, 0.011, 0.01, 0.009, 0.014, 0.013, 0.012, 0.011, 0.01, 0.009, 0.008, 0.007, 0.013, 0.012, 0.011, 0.01, 0.009, 0.008, 0.007, 0.006, 0.005, 0.01, 0.009, 0.008, 0.007, 0.006, 0.005, 0.004, 0.009, 0.008, 0.007, 0.006, 0.005, 0.004, 0.003, 0.008, 0.007, 0.006, 0.005, 0.004, 0.003, 0.002, 0.001, 0.0, 0.012, 0.011, 0.01, 0.009, 0.008, 0.007, 0.012, 0.017, 0.016, 0.022, 0.021, 0.02, 0.019, 0.018, 0.017, 0.016, 0.015, 0.014, 0.013, 0.012, 0.017, 0.016, 0.015, 0.014, 0.013, 0.012, 0.011, 0.01, 0.009, 0.008, 0.007, 0.006, 0.005, 0.004, 0.003, 0.002, 0.001, -0.0, -0.001, -0.002, 0.003, 0.002, 0.001, 0.0, -0.001, -0.002, -0.003, -0.004, -0.005, -0.006, -0.007, -0.008, -0.009, -0.01, -0.005, -0.006, -0.007, -0.008, -0.009, -0.01, -0.011, -0.012, -0.013, -0.014, -0.015, -0.016, -0.017, -0.011, -0.012, -0.013, -0.014, -0.015, -0.016, -0.011, -0.012, -0.013, -0.014, -0.015, -0.016, -0.017, -0.018, -0.019, -0.02, -0.021, -0.016, -0.017, -0.012, -0.013, -0.014, -0.015, -0.016, -0.017, -0.018, -0.012, -0.013, -0.014, -0.015, -0.016, -0.017, -0.018, -0.019, -0.02, -0.021, -0.022, -0.023, -0.024, -0.025, -0.02, -0.021, -0.022, -0.023, -0.024, -0.025, -0.026, -0.027, -0.028, -0.029, -0.03, -0.031]","[0.016, 0.017, 0.018, 0.019, 0.02, 0.022, 0.032, 0.033, 0.034, 0.035, 0.036, 0.038, 0.039, 0.04, 0.042, 0.043, 0.046, 0.047, 0.039, 0.04, 0.041, 0.043, 0.049, 0.05, 0.052, 0.053, 0.045, 0.046, 0.048, 0.049, 0.05, 0.052, 0.053, 0.055, 0.056, 0.057, 0.059, 0.06, 0.068, 0.07, 0.071, 0.069, 0.071, 0.072, 0.074, 0.075, 0.076, 0.078, 0.079, 0.07, 0.071, 0.073, 0.074, 0.076, 0.077, 0.079, 0.08, 0.082, 0.082, 0.083, 0.085, 0.086, 0.088, 0.089, 0.091, 0.093, 0.094, 0.096, 0.097, 0.099, 0.1, 0.102, 0.105, 0.107, 0.108, 0.11, 0.111, 0.113, 0.114, 0.116, 0.117, 0.125, 0.127, 0.128, 0.13, 0.131, 0.132, 0.137, 0.127, 0.128, 0.134, 0.135, 0.137, 0.138, 0.14, 0.141, 0.142, 0.144, 0.145, 0.147, 0.148, 0.151, 0.152, 0.154, 0.155, 0.157, 0.158, 0.16, 0.161, 0.163, 0.164, 0.166, 0.167, 0.168, 0.17, 0.171, 0.173, 0.174, 0.176, 0.177, 0.179, 0.184, 0.186, 0.187, 0.189, 0.19, 0.192, 0.193, 0.195, 0.196, 0.198, 0.199, 0.2, 0.202, 0.203, 0.209, 0.211, 0.212, 0.214, 0.215, 0.217, 0.218, 0.22, 0.221, 0.223, 0.224, 0.226, 0.228, 0.234, 0.236, 0.237, 0.239, 0.24, 0.242, 0.245, 0.247, 0.248, 0.25, 0.251, 0.253, 0.254, 0.256, 0.257, 0.259, 0.26, 0.265, 0.266, 0.273, 0.274, 0.276, 0.277, 0.279, 0.28, 0.282, 0.287, 0.288, 0.29, 0.291, 0.293, 0.294, 0.296, 0.297, 0.299, 0.301, 0.302, 0.304, 0.305, 0.307, 0.31, 0.312, 0.313, 0.315, 0.316, 0.318, 0.319, 0.321, 0.322, 0.324, 0.325, 0.327]"
